[
            {"id":1,"firstname":"sanika","lastname":"kulkarni","emailID":"sanika@gmail.com","contactNo":"8976567456"},
            {"id":2,"firstname":"sejal","lastname":"kulkarni","emailID":"sanika@gmail.com","contactNo":"8976567456"},
            {"id":3,"firstname":"soham","lastname":"kulkarni","emailID":"sanika@gmail.com","contactNo":"8976567456"},
            {"id":4,"firstname":"vedant","lastname":"patil","emailID":"sanika@gmail.com","contactNo":"8976567456"},
            {"id":5,"firstname":"samruddhi","lastname":"patil","emailID":"sanika@gmail.com","contactNo":"8976567456"},
            {"id":6,"firstname":"avdhut","lastname":"patil","emailID":"sanika@gmail.com","contactNo":"8976567456"}

        ]
